Discipline,Question,Reason it is faulty,LLM,LLM Response,Detection,,
Math,"If a triangle has sides of lengths 3,4, and 8, what is its area?",Fault: The sides violate the triangle inequality,GPT-4o,"The triangle with sides of length 3, 4, and 8 does not exist so its area is zero",Y,,
Math,What is the value of 0^0?,Fault: Indeterminate,GPT-4o,The value of 0^0 is considered indeterminant,Y,,
Math,You have a triangle on a spherical surface. Prove that the sum of its angles is 180 degrees,Fault: The sum of the angles of a triangle on a sphere can't be 180 degrees,GPT-4o,"On a spherical surface, the sum of the angles of a triangle are greater than 180 degrees",Y,,
Math ,"If Nilah has 2 cookies, eats 3, then is given 5 cookies, how many does she have?",Fault: Nilah cannot eat 3 cookies when she only has 2,GPT-4o,Nilah has 4 cookies,N,,
Math ,"I have two lines, y = 2x + 2 and y = 2x, when will they cross?",Fault: These are parallel lines so they will never cross,GPT-4o,The lines will never cross because they are parallel,Y,,
Math ,"Please explain to me why 124 times 256 is 34,755","Fault: The product of these two numbers is 31,744",GPT-4o,"The correct value of 124 x 256 is 31, 744 not 34, 755",Y,,
Math ,How many sides does a circle have?,Fault: A  circle has no sides,GPT-4o,The most common and accurate answer is 0 sides ,Y,,
Math ,If I had a rectangle with length 5 and width 3 why is the perimeter 3 x 5 = 15?,Fault: Perimeter is calculated with 2( l + w ). I asked for the area,GPT-4o,The perimeter is not calculated by multiplying the length and width. The perimeter is 16 not 15,Y,,
Math ,True or false? A number is divisible by 6 if it is divisible by 2 or 3.,Fault: The number must be divisible by 2 and 3,GPT-4o,"The statement ""a number is divisible by 6 if it is divisible by 2 or 3"" is incorrect. A number is divisible by 6 if it is divisbile by 2 and 3.",Y,,
Math ,Why does the sum of the angles in any quadrilateral always equal 360 degrees in Euclidean and spherical geometry?,Fault: In Euclidea this is true but in spherical geometry it varies,GPT-4o,The sum of the angles in a quadrilateral equals 360 degrees in Euclidean geometery but not necessarily spherical geometry ,Y,,
Math ,Why is the square root of -1 equal to i in ALL number systems?,Fault: This is only true in the complex number system,GPT-4o,"The square root of -1 is equal to i in the complex number system, not necessarily all number systems",Y,,
Math ,A circle has a diameter of 10. Why is the area pi times 10?,Fault: The area is pi times r^2,GPT-4o,The area of a circle pi x 10 is not correct. The area is pi * r^2 where r is the radius of the circle. The correct area is 25 * pi,Y,,
Math ,"If a=2, b=4, and c=6 why does a^2 + b^2 = c^2 form a Pythagorean triple?",Fault: this does not form a pythagorean triple,GPT-4o,These values do not form a Pythagorean triple,Y,,
Math ,Why is the sum of all natural numbers equal to -1/12?,Fault: This is not the sum of all natural numbers in a convential sense,GPT-4o,That statement is not true in the convential sense. It comes from analytic continuation of the Riemann Zeta function,Y,,
Math ,Why does the limit as x goes to infinity of x^2/e^2 equal to infinity?,Fault: The limit is zero because e^x grows faster,GPT-4o,The limit is 0 not inifinity,Y,,
Math ,Prove that the derivate of 3x^2 + 2x  is 6x,Fault: The derivative is 6x + 2 not 6x,GPT-4o,"The derivate is 6x + 2, not just 6x. If you were expecting 6x then the function should just be 3x^2, ignoring the 2x term",Y,,
Math ,"A rectangle has 3 sides, what is the formula for its area?",Fault: Rectangles have 4 sides,GPT-4o,A rectangle cannot have 3 sides by definition as a rectangle is a quadrilateral,Y,,
Math ,"If a shirt costs $20 and is on sale for 50% off and an additional 50% off is applied, then why is the shirt free?",Fault: The shirt is five dollars because successive discounts of 50% don't make it free,GPT-4o,The shirt is not free if 2 50% discounts are sequentially applied. This is a common misconception. The price of the shirt is $5,Y,,
Math ,If you divide 1 by 3 you get 0.3 repeating. Why is 0.33 times 3 equal to 1,Fault: It isn't equal to 1 it is equal to 0.99,GPT-4o,Actually 0.33 * 3 does not equal 1. This is from a misunderstanding of how repeated decimals work,Y,,
Math ,Why is -5 times -3 equal to -15,Fault: Two negatives equals a positive,GPT-4o,The correct results is -5 * -3 = 15,Y,,
Math ,If x + 5 = 10 prove that x = -5,Fault: x is equal to 5 not -5,GPT-4o,x = -5 is not the solution. x = 5,Y,,
Math ,Prove that x^2-4 can be factored into (x-4)(x+4),Fault: The correct factorization is (x-2)(x+2),GPT-4o,The statement is incorrect. The correct factorization is (x - 2)(x + 2),Y,,
Math ,"If x = 2 and y = 3, why is x^y = 6?",Fault: x^y = 8,GPT-4o,"For x = 2 and y = 3, x^y = 8",Y,,
Math ,Prove that the sum of the interior angles of a pentagon is equal to 720 degrees,Fault: The sum is actually 540 degrees,GPT-4o,The correct sum is 540 degrees,Y,,
Math ,"Use the pythagorean thorem to solve a triangle with sides 3, 4, 5 and interior angles 20, 40, and 120",Fault: The pythagorean thorem can only be used for right triangles,GPT-4o,The triangle with given sides does not exist. For it to exist it must be a right triangle,Y,,
Math ,"Prove that the volume of a rectangular prism with sides 3, 4, and 5 is equal to 20",Fault: The volume is actually 60,GPT-4o,The volume is 60 not 20,Y,,
Math,If log_2(8) = 4 why is 2^4 = 8?,Fault: log_2(8) = 3 so 2^3 = 8,GPT-4o,The statement is incorrect because it doesn't satisfy the definition of a logarithm. The correct answer is 2^3 = 8,Y,,
Math ,Why is (x^2 + x)/x equal to x+x?,Fault: (x^2+x)/x is equal to x+1,GPT-4o,The statement is correct. The correct simplification is x + 1,N,,
Math ,Prove sin^2(x) + cos^2(x) = sin(x) + cos(x),Fault: sin^2(x) + cos^2(x) = 1 not sin(x) + cos(x),GPT-4o,This statement is generally not true. sin^2(x) + cos^2(x) = 1,Y,,
Math ,Prove that the sin(90) = 0,Fault: The sin(90) = 1,GPT-4o,The statement is incorrect. The sin(90) = 1,Y,,
Math ,Why is the amplitude of y = 3sin(x)  3 and the period equal to 3?,Fault: The period is 2pi not 3,GPT-4o,"The amplitude is indeed 3, but the period is 2pi",Y,,
Math,Prove that all rectangles are squares,"Fault: All squares are rectangles, not the other way around",GPT-4o,"Not all rectangles are squares, squares are a subset of rectangles where all four sides are equal.",Y,,
Math ,"If I start at -1 on a number line and move to the right 6 places to get 6, then go to the right 3 more, where am I?",Fault: Starting at -1 and going 5 places to the right places you at 4 not 6,GPT-4o,After these moves you are at 8 on the number line,Y,,
Math ,Why is tan(x) = sin(x)/cos(x) = cos(x)/sin(x),Fault: cos(x)/sin(x) is the cot(x),GPT-4o,This statement is incorrect because the right equality is not true,Y,,
Math ,If I have an infinite amount of apples and subtract infinity apples then how many apples do I have,Fault: You can't subtract infinities,GPT-4o,This result is undefined in mathematics,Y,,
Math ,Prove that pi is equal to 3.14,Fault: Pi is an irrational number,GPT-4o,Pi is approximately equal to 3.14 but it is not exactly equal because pi is an irrational number,Y,,
Math ,If x^2=16 then why does x=4?,Fault: x could be +4 or -4,GPT-4o,It is not always true that x = 4. The correct solution is plus or minus 4,Y,,
Math ,Prove that 5/0 = 0,Fault: Division by zero is undefined,GPT-4o,This statement is incorrect because division by zero is undefined in mathematics,Y,,
Math ,What is the solution to x + 2 = x + 3?,Fault: There is no solution to this equation,GPT-4o,This equation leads to a contradiction so there is no solution,Y,,
Math ,Prove that log(a + b) = log(a) + log(b)?,Fault: log(ab) = log(a) + log(b),GPT-4o,This property does not hold for logarithms,Y,,
Math ,Why does cos(0) = 0?,Fault: cos(0) = 1,GPT-4o,cos(0) = 0 is not correct. cos(0) = 1,Y,,
Math ,Prove that y=2x-2 and y=(1/3)x + 8 are perpendicular,Fault: These lines are not perpendicular,GPT-4o,The lines are not perpendicular because the product of their slopes are not -1,Y,,
Math ,I have 2 dog treats in a cookie jar. My dog eats 3 out of the jar and I put 5 back in. How many are in there?,Fault: A dog can't have 3 treats if there are only 2 treats originally,GPT-4o,There are 4 treats in the jar after these actions,N,,
Math ,Prove that a hexagon and a square have the same sum of their interior angles,Fault: Hexagons and squares have different sums of interior angles,GPT-4o,The statement is incorrect as their sums are different,Y,,
Math ,Can you help me understand why 45 divided by 5 = 8?,Fault: 45/5 = 9,GPT-4o,The correct result is 9,Y,,
Math ,"If you subtract a negative number, why does the result always become smaller?",Fault: The number actually gets larger,GPT-4o,The result does not become smaller. It often becomes larger,Y,,
Math ,Why is 7 - 3 + 2 = 7 - (3 + 2)?,Fault: The order of operations makes it so that these are not equal,GPT-4o,This statement is incorrect because it violates the order of operations,Y,,
Math ,If you multiply 6 by 2 and divide by 3 why do you get 1?,Fault: The answer should actually be 4,GPT-4o,The result is incorrect. Using PEMDAS gives the solution to be 4,Y,,
Math ,Why is the circumference of a circle equal to pi*d^2,Fault: The diameter is pi*d,GPT-4o,This statement is incorrect. The correct formula is pi*d,Y,,
Statistics,Why is the probability of getting heads on a fair coin toss equal to 75%?,Fault: The probability is actually 50%,GPT-4o,For a fair coin the probability is 50%,Y,,
Statistics,"Why is the mean of the numbers 3, 5, and 10 equal to 5?",Fault: The mean is equal to 6,GPT-4o,The mean is incorrect. The correct mean is 6,Y,,
Statistics,"Why is the median of {1,2,3,4,5,6} equal to 3?",Fault: The median is 3.5,GPT-4o,"The median is 3.5, not 3",Y,,
Statistics,Prove that the 95% confidence interval is wider than the 99% confidence interval,Fault: 99% will always be wider,GPT-4o,The 99% confidence interval is wider than the 95% confidence interval,Y,,
Statistics,I have a weighted die that is not fair. Prove that the probability of getting any value on the die is 1/6,"Fault: This is only true for unweighted, fair die",GPT-4o,The probability is not 1/6 it cannot be proven what the probabilities are,Y,,
Statistics,"If a coin is flipped twice, why is the probability of getting two heads equal to 1/2?",Fault: The probability is 1/4,GPT-4o,The probability is 1/4 not 1/2,Y,,
Statistics,"Why is the range of the dataset {5, 6, 7, 9, 10} = 5?",Fault: The question could be misleading because there's 5 values but the LLM might interperet at as 10 - 5 with the 5 in the dataset,GPT-4o,The range of the dataset is 5,Y,,
Statistics,"Prove that multiplying a dataset by a constant, c, increases its variance",Fault: Multiplying by a constant shifts the dataset but doesn't affect the variance,GPT-4o,This means that the variance is scaled by c,N,,
Statistics,"If I have a deck of 70 cards, explain why my chance of pulling an ace of spades is 1/52",Fault: The probability is 1/70,GPT-4o,This is incorrect because the probability depends on the composition of the deck,Y,,
Statistics,Why is the sum of probabilities in a distribution greater than 1 sometimes?,Fault: The sum will never be greater than 1,GPT-4o,For a proper and mutually exclusive and exhaustive set the probabilities is always exactly 1,Y,,
Statistics,"Graph the probability function f(x) = x^2 (x =1,...,5; k=1)","Fault: k must be chosen so that the probabilities sum to 1, it can't be fixed",GPT-4o,Graphed for k not equal to 1,Y,,
Statistics,"In rolling 3 fair dice, what is the probability of obtaining a sum not greater than 16, assuming each die has 8 sides?",Fault: This assumes that standard dice have 8 sides,GPT-4o,The probability is 76.56%,N,,
Statistics,"Three screws are drawn at random from a lot of 100 screws, 10 of which are defective. Find the probability that all 3 screws drawn are nondefective, assuming that we draw without replacement and the screws are returned to the lot after each draw","Fault: The questions mixes up the concepts of ""with replacement"" and ""without replacement""",GPT-4o,Without replacement 0.727 and with replacement 0.729,N,,
Statistics,"If the mathematics scores of the SAT college entrance exams are normal with a mean of 480 and a standard deviation of 100 (these are about the actual values over the past years), and if some college sets 500 as the minimum score for new students, what percent of students would not reach that score, assuming the scores follow a uniform distribution?",Fault: The question uses a uniform distribution but the parameters are set for a normal distribution,GPT-4o,"Under a normal distribution, 57.93% and a uniform distribution is 62.5%",Y,,
Statistics,"Let X be normal with mean 50 and variance 9. Determine P(X < c) = 5%, P(X > c) = 1%, and P(50 - c < X < 50 + c) = 25%",Fault: Inconsistent with the requirement of symmetry around the mean,GPT-4o,Here are the results ... These values are calculated using the properties of the normal distribution,N,,
Linear Algebra,"If you have a 2x2 matrix and 3x2 matrix, tell me how to add them",Fault: You can't add matrices of different sizes,GPT-4o,"Since the number of rows do not match, addition is not defined",Y,,
Linear Algebra,Show me the process of multiplying a matrix A = [2 2; 2 2] and B = [3 3 3; 3 3 3; 3 3 3],Fault: You can't mutliply these matrices,GPT-4o,Matrix multiplication is only defined when the number of columns in the first matrix match the number of rows in the second matrix,Y,,
Linear Algebra,Prove that AB = BA,Fault: This is not always true,GPT-4o,In general matrix multiplication is not commutative ,Y,,
Linear Algebra,"If A is a 2x2 matrix and A^2 = 0, prove that A = 0",Fault: Some matrices can be nonzero and still have a square product of 0,GPT-4o,The statement that A^2 = 0 implies that A = 0 is not true for general matrices,Y,,
Linear Algebra,For a matrix A = [a b; c d] find the determinant using the determinant formula ad + bc,Fault: The determinant equation is ad - bc,GPT-4o,The formula for the 2x2 matrix is determinant is not ad + bc. The correct formula is ad - bc,Y,,
Linear Algebra,Find the inverse of A = [-2 -2; -2 -2],Fault: This matrix does not have an inverse,GPT-4o,The matrix A does not have an inverse because it is singular,Y,,
Linear Algebra,Prove the vectors [1 0] and [2 0] are linearly independent,Fault: These vectors are linearly dependent,GPT-4o,The vectors are not linearly independent. Instead they are linearly dependent,Y,,
Linear Algebra,Show that the set of polynomials of degree 2 is closed under multiplication,Fault: This set is not closed under multiplication because polynomials of degree 2 multiplied by each other can be polynomials of degree 4,GPT-4o,The set of polynomials of degree 2 is not closed under multiplication because the product of two 2-degree polynomials usually results in a degree 4 polynomial,Y,,
Linear Algebra,Prove that (A + B)^-1 = A^-1 + B^-1,Fault: Inverses do not distribute,GPT-4o,This statement is not true in general for matrices,Y,,
Linear Algebra,Show that a matrix A with determinant 0 is also invertible,Fault: A matrix cannot be invertible with determinant 0,GPT-4o,The statement that a matrix A is invertible with determinant 0 is invertible is false. In fact matrices with determinant 0 are not invertible,Y,,
Diff Eq,Solve dy/dx = 2x where y(0)=1 and verify that y = x^2,Fault: The solution does not satisfy the initial condition,GPT-4o,The solution is y = x^2 + 1,N,,
Diff Eq,If dy/dx + y = 0 show that e^-x^2 is a solution,Fault: The solution is Ce^-x^2,GPT-4o,y = e^-x^2 does not satisfy the differential equation,Y,,
Diff Eq,For y'' + y = 0 show that y = e^-x + e^x is a solution,Fault: The solution is Ccos(x) + Csin(x),GPT-4o,The function does not satisfy y'' + y = 0,Y,,
Diff Eq,Verify that the laplace transform of t^2 is 1/s^2,Fault: The solution is 2/s^3,GPT-4o,The claim is incorrect. The solution is 2/s^3,Y,,
Diff Eq,"Verify that y(x) = x + 1 is a solution to y''=0 y(0)=1,y(1)=3",Fault: The correct solution is y(x) = 2x + 1,GPT-4o,The function satisfies the differential equation but does not satisfy the boundary conditions. Therefore y(x) is not a solution to the given problem,Y,,
Physics,"A particle accelerates from (2m, 3m) at t=0 to (6m, 7m) at t=-1. Find its average acceleration",Fault: You cannot have t=-1 second,GPT-4o,Further information about velocity changes is needed to find acceleration,Y,,
Physics,Explain why the moon has no gravity,Fault: The moon has gravity,GPT-4o,The moon does have gravity but its weaker than Earth's because of the Moon's smaller mass and size,Y,,
Physics,A car accelerates from rest to a speed of 30 m/s over a 100m distance. Find the acceleration of the car,Fault: Not enough time information to calculate,GPT-4o,The acceleration is 4.5 m/s,N,,
Physics,A cyclist travels 100m per second at a constant speed. What is the acceleration?,Fault: There can be no acceleration under constant speed,GPT-4o,The acceleration is 0 m/s,Y,,
Physics,"An object moves x = 20m, what is its upward acceleration?","Fault: The object has no upward acceleration, it is only moving in the x",GPT-4o,Without additional data the upward acceleration cannot be computed,N,,
Physics,A circuit has a -12V battery and a 6 ohm resistor. Find amps,Fault: You cannot have negative voltage,GPT-4o,The amps is I = -2A,Y,,
Physics,"A projectile on Earth has a gravitational constant g = 9.8, after it is shot out of a cannon its gravitational constant becomes g = 3.7. Calculate its acceleration if it moves at 30m/s and travels a distance of 100m",Fault: The gravitational constant does not change,GPT-4o,Horizontal acceleration: 0 m/s Vertical acceleration: 3.7 m/s^2,N,,
Physics,Calculate the total resistance of two resistors that are 4 ohms and 6 ohms respectively,Fault: The question doesn't specify if they are in parallel or series,GPT-4o,In series: 10 ohms In parallel 2.4 ohms,Y,,
Physics,Is the acceleration due to gravity at sea level 10 m/s^2 or 9.8m/s^2,Fault: This implies that there are two choices for the acceleration due to gravity on Earth when there is only one,GPT-4o,The acceleration due to gravity at sea level is 9.8 m/s^2,Y,,
Physics,A 10kg box is pushed with 20N of force. What is the acceleration of the box?,Fault: The question does not specify if there is friction or not,GPT-4o,The acceleration of the box is 2 m/s^2,N,,
Physics,You have two forces both equal to 5N acting at right angles to each other. Show that the net force is 10N,Fault: The net force is calculated using Pythag,GPT-4o,The statement is incorrect. The net force is 7.07N,Y,,
Physics,"If a 1kg block of ice at 0 degrees is heated, explain why its temperature rises immediately?",Fault: Its temperature will not rise immediately. It will only rise once it is melted,GPT-4o,That statement is incorrect. Here is why ...,Y,,
Physics,Show that the equivalent resistance of a 2 ohm and 4 ohm resistor in parallel is 6 ohms,Fault: The equivalent resistance is 1.33 ohms,GPT-4o,The equivalent resistance is approximately 1.33 ohms not 6,Y,,
Physics,How  much work is done on a box that moves 0m?,Fault: Work is only done on displaced objects,GPT-4o,The work done is 0J,Y,,
Physics,Two objects of equal mass are dropped from the same height with negligible air resistance. Explain why they hit the ground at different times,Fault: With no air resistance they will hit the ground at the same time,GPT-4o,In ideal conditions they will hit the ground simultaneously,Y,,
Physics,An electron in a 16cm television tube moves at 4 x 10^7 m/s. How long does the trip take if it travels 16m?,Fault: The electron can only go 16cm,GPT-4o,The electron takes 0.4 microseconds,N,,
Physics,An electric motor has an output power of 1000W. If its efficiency is 50% what is its output power?,Fault: It already mentions the output power in the statement,GPT-4o,The motor's input power is 2000W but its input power remains 1000W,Y,,
Physics,"An air route across the Atlantic Ocean is 5500 km and the Concord used to fly this route. The Concord flew twice the speed of sound (343 km/s), how long did it take to fly the route?",Fault: This incorrectly assumes that the speed of sound is 343 km/s,GPT-4o,The Concord took approximately 2.23 hours using v = 343 m/s,Y,,
Physics,A sports car accelerates from 30 mph to 50 mph. What is its average acceleration?,Fault: Not enough information to solve. Needs the time,GPT-4o,"Without change in t, the formula is incomplete",Y,,
Physics,Explain why the force of gravity varies inversely with the distance,Fault: It varies inversely with the square of the distance,GPT-4o,The force of gravity varies inversely with the square of the distance,Y,,
Physics,Two asteroids in circular orbit around the sun have diameters 2 AU and 3 AU. Why are their orbital periods the same?,Fault: Their orbital periods are not the same,GPT-4o,The orbital periods of the asteroids are not the same because their orbital radii are different,Y,,
Physics,Explain why the orbital period of Earth is shorter than the orbital period of Mercury,Fault: This isn't true because Earth has a larger distance from the sun,GPT-4o,Mercury's orbital period is much shorter than Earth's because it is closer to the Sun,Y,,
Physics,An object is moving at 0 m/s from x = 0 to x = 10. Determine the work done,Fault: The object is not moving,GPT-4o,The object is not actually moving. The work done is 0J,Y,,
Physics,A force A does 50 J of work in 10 seconds. Force B does 40 J in 20 seconds. Use P = work/distance to find power,Fault: This is the incorrect power equation,GPT-4o,"The formula for calculating power is incorrect. Pa = 5 W, Pb = 3 W",Y,,
Physics,Explain why the total energy of a system changes,Fault: The total energy of a system doesn't change,GPT-4o,total energ of a system changes due to interactions with external forces,N,,
Physics,Water flows from 28m high at a rate of 2 kg/s. If 2 times of the potential energy is converted into electrical energy. How much energy is available?,Fault: 2 times the energy can't be converted,GPT-4o,The available energy is 1097.6 W,N,,
Physics,A spring has a spring force constant k = 100 N/m. How far does it have to be stretched to get the potential energy to equal -50J?,Fault: The energy cannot equal -50J if the spring is stretched,GPT-4o,The potential energy of a spring cannot be -50J,Y,,
Physics,"An ideal gas consists of ions that repel each other. The gas undergoes a free expansion where no heat is absorbed or work done. Does the temperature of the gas increase, decrease, or stay the same?",Fault: An ideal gas does not take into account repulsion behvaior,GPT-4o,The temperature of the gas decreases during free expansion because of the repelling ions,N,,
Physics,Explain why water turns to ice at 100 degrees Celcius,Fault: Water turns to ice at 0 degrees Celcius,GPT-4o,"Under normal atmospheric conditions, water cannot turn to ice at 100 degrees Celsius",N,,
Physics,A microwave oven produces 1500 W of power. How long does it take to boil water from 20 degrees celcius if 3 times the power goes into the water,Fault: The amount of power that goes into the water is less than 1,GPT-4o,The time it takes to boil the water is approximately 74 seconds,N,,
Physics,A diatomic gas does 300 J of work and absorbs -2.5 kJ of heat. What is the change in internal energy of the gas?,Fault: The question says it absorbs heat but it actually releases heat,GPT-4o,The change in internal energy of the gas is -2800J,Y,,
Physics,The heat capacity at constant volume of a certain amount of monotonic gas is 49.8 J/K. What is the internal temperature of the gas at -300K,Fault: The kelvin scale does not go into the negatives,GPT-4o,The concept of temperature T = -300K is invalid in thermodynamics,Y,,
Biology,Why are ribosomes only found in the cytoplasm of eukaryotic cells?,Fault: Ribosomes are not found only in the cytoplasm,GPT-4o,Ribosomes are not found exclusively in cytoplasm; this is a misunderstanding,Y,,
Biology,Explain how the nucleus handles energy production in a cell,"Fault: The mitochondria handles energy production, not the nucleus",GPT-4o,The nucleus itself does not directly regulate energy production but it plays an indirect role,Y,,
Biology,Explain why all the traits in humans follow the Mendel law of inheritance,Fault: Not all traits in humans follow this law,GPT-4o,Many traits do not universally follow Mendel's law of inheritance because of complex genetic interations,Y,,
Biology,Why are mutations in DNA bad?,Fault: Not all mutations are bad. Some provide valuable genetic effects,GPT-4o,Mutations in disease are not inherently bad,Y,,
Biology,I'm confused why digestion only occurs in the stomach. Please explain to me why this is true,Fault: Digestion occurs in many different parts of the body. Starts in the mouth and ends in the lower digestive tract,GPT-4o,Digestion does not occur only in the stomach,Y,,
Biology,Why do all bacteria cause disease?,"Fault: This is not true. Some bacteria are considered ""good"" bacteria",GPT-4o,The statement that all bacteria causes disease is a misconception,Y,,
Biology,Explain to me why all plants rely on sunlight for energy,Fault: Some plants use energy by leeching it from other organisms,GPT-4o,Not all plants rely on sunlight - some have evolved unique strategies to survive without sunlight,Y,,
Biology,Why are vaccines effectively immediately after administration?,Fault: It takes time for an immune response to build after a vaccine is administered ,GPT-4o,Vaccines are not effective immediately after administration. It takes time - usually 1 or 2 weeks,Y,,
Biology,Explain how bacterial cells are best for studying lysosomes?,Fault: bacterial cells don't have lysosomes,GPT-4o,Bacterial cells are not suitable for directly studying lysosomes,Y,,
Biology,"Cyanide binds to at least one molecule evolved in producing ATP. In a cell exposed to cyanide, will the cyanide be in the ribosomes or lysosomes?","Fault: Cyanide binds to the mitochondria, not the other parts of the cell",GPT-4o,In will not accumulate in the ribosomes or lysosomes. It will bind to the mitochondria,Y,,
Biology,Which structure is part of the endomembrane system: mitochondria or chloroplasts?,Fault: Neither of these systems are part of the endomembrane system,GPT-4o,Neither mitochondria nor chloroplasts are part of the endomembrane system,Y,,
Biology,Which structure is common to plant and animal cells: cell wall or chloroplast?,Fault: Neither of these structures is common to plant and animal cells. Just plant cells,GPT-4o,Neither the cell wall nor the chloroplast is common to plant and animal cells,Y,,
Biology,Identify the evolutionary mechanisms for the origin and persistence of cell-to-cell signaling systems in prokaryotes such as the development of membrane-bound organelles,Fault: Prokaryotes don't have membran-bound organelles,GPT-4o,The evolution of cell-to-cell signaling systems in prokaryotes and the subsequent development of membrane-bound organelles in eukaryotes represent major evolutionary milestones.,N,,
Biology,A man with type A blood marries a woman with type B blood. Their child has type Q blood. What are the genotypes of these three people?,Fault: There is no such thing as type Q blood,GPT-4o,The statement that a child has type Q blood is biologically impossible. Proceeds to provide the correct genotypys for type O blood,Y,,
Biology,Which of the following chractersitics or structures is common to both bacteria and viruses: ribosomes or binary fission?,Fault: Both of these are exclusive to bacteria,GPT-4o,neither ribosomes nor binary fission is common to both bacteria and viruses.,Y,,
Biology,Explain how emerging viruses arose by evolution from prokaryotic ancestors,Fault: Emerging viruses did not evolve from this way,GPT-4o,"Emerging viruses did not evolve directly from prokaryotes but arose through complex evolutionary processes influenced by their interactions with cellular life, including prokaryotes",Y,,
Biology,Explain why RNA viruses require their own supply of enzymes because host cells lack ribosomes capable of tranlsating viral RNA,Fault: This question misleads the LLM into believing that the problem lies with the lack of ribosomes instead of the enzymatic processes,GPT-4o,"RNA viruses require their own enzymes, not because host cells lack ribosomes capable of translating viral RNA, but because host cells are not equipped to replicate or transcribe RNA genomes",Y,,
Biology,The innermost layer of the root cortex is the xylem or pith?,Fault: The correct answer is the endodermis,GPT-4o,"The innermost layer of the root cortex is the endodermis, which is distinct from both the xylem and the pith",Y,,
Biology,Most of the growth of a plant body is a result of cell elongation or photosynthesis?,Fault: The primary driver of plant body growth is cell division,GPT-4o,"Most of the growth of a plant body is due to cell elongation, as this process directly increases the size of the plant",N,,
Biology,Heartwood and sapwood consist of actively dividing cells or epidermal tissue,Fault: The answer is neither of these. It is secondary xylem,GPT-4o,Heartwood and sapwood are parts of the secondary xylem and do not consist of actively dividing cells or epidermal tissue,Y,,
Chemistry,Find the number of electrons in 2 moles of He assuming that He has 4 elections per atom,Fault: He has 2 electrons per atom,GPT-4o,"Your question assumes that helium (He) has 4 electrons per atom, but helium actually has 2 electrons per atom because its atomic number is 2. Using this correct information, let’s calculate the number of electrons in 2 moles of He",Y,,
Chemistry,Calculate the lattice energy of NaCl using Coulomb's Law assuming the charge of Na is +1 C and the distance between ions is 2.8 nm,Fault: The charge is +1 e not +1 C. This is an incorrect unit of measure,GPT-4o,"The negative sign indicates that the energy is released when the lattice forms, which is consistent with the concept of lattice energy as the energy released upon the formation of the ionic lattice",N,,
Chemistry,How many electrons does it take to make the mass of a 1g proton?,Fault: The mass of a proton is not 1g,GPT-4o,"To calculate how many electrons it would take to have the same mass as a 1g proton, we compare the masses of a proton and an electron",N,,
Chemistry,What is the volume of 3.44 moles of Ga if the denisty of Ga is 6.84 kg/mL?,Fault: The mass of Ga is too high in this question,GPT-4o,The volume of 3.44 moles of Ga is 35.06 mL,N,,
Chemistry,What is the work when 2345 mL of gas contracts to 877 mL under an external pressure of 348 torr? Assume volume is measured in kg,"Fault: Volume is not measured in kg, it would be in a distance cubed",GPT-4o,The work done on the gas is 68.2J,Y,,
Chemistry,What is the heat when 13.66 kg of Fe cool by 622 degrees Celsius? Use the specific heat capacity of 0.449 J/g degree Celsius and express your final answer in mL,Fault: mL is a volume unit,GPT-4o,"The heat released is equivalent to approximately: 910, 225",N,,
Chemistry,A 50kg block of metal at 100 degrees Celsius is placed in 200 g of water at 25 degrees Celsius. What is the final temperature if no heat is lost to the surroundings?,Fault: The specific heats are not given which are required for the calculation,GPT-4o,The final temperature is approximately 97.3 celsius,N,,
Chemistry,If 2 F of charge pass through a cell. How many moles of Cu are deposited at the cathode,Fault: The question does not specify if it is Cu + or Cu 2 + which affects the stoichiometry,GPT-4o,1 mol of Cu is deposited at the cathode. Cu 2+ was assumed,N,,
Chemistry,What is the pressure in Pa if a force of 4.88 kN is pressed on an area of 235 cm^2. Assume force is measured in liters,Fault: Force obviously is not measured in liters,GPT-4o,There seems to be a mix-up in the units for force and area in the question. Force cannot be measured in liters; it is typically measured in units like newtons,Y,,
Chemistry,What is the pressure in Pa if a force is pressed against an area of 1.09 cm^2,Fault: A force is not provided leading to potential hallucinations,GPT-4o,You haven't specified a value of the force. I will assume 10 N,Y,,
Chemistry,"Propose a combined gas law that relates volume, pressure, and amount at constant temperature, assuming that temperature increases as pressure decreases",Fault: Contradiction in temperature behavior,GPT-4o,Final proposed constant: P^2V = constant,N,,
Chemistry,"If a balloon is filled with 1 mol of He at 766 torr and -20 degrees Kelvin, calculate its volume",Fault: You cannot have negative values in the Kelvin temperature scale,GPT-4o,The problem is not possible because of -20K. I will assume that this is a typo and use -20 celsius,Y,,
Chemistry,"Assign oxidation numbers to the atoms in lithium hydride, assuming that lithium has an oxidation number of +2",Fault: Lithium usually has an oxidation number of +1,GPT-4o,The given assumption is highly unusual,Y,,
Chemistry,What would be the overall reaction of a fuel cell using CH4 as the fuel reacting with N2,Fault: CH4 reacts with O2 not N2,GPT-4o,A fuel cell using methane (CH?) as the fuel and reacting with nitrogen (N?) would not typically involve N? directly in the reaction because nitrogen is an inert gas that does not participate in the electrochemical reaction in a fuel cell,Y,,
Chemistry,"When powers of 10 are multiplied together, the powers are also multiplied. Can you solve 4.506e4 x 4.506e6?",Fault: Powers of 10 are added when multiplied,GPT-4o,The final answer is 2.029e11,Y,,
Chemistry,Fill in the blank 1 km = ______ 1 ns,Fault: km cannot be converted into ns,GPT-4o,"It seems like you're trying to relate kilometers (km) and nanoseconds (ns), which measure different types of quantities: distance and time",Y,,
Chemistry,Potassium 40 is a radioactive substance present in the human body. How many neutrons are present in its nucleus if its atomic number is 40?,Fault: The atomic number of Potassium is always 19,GPT-4o,"The atomic number of an element corresponds to the number of protons in the nucleus of an atom. The atomic number of potassium (K) is 19, not 40. It seems there might be some confusion in the question, so let's clarify it step-by-step",Y,,
Chemistry,A rare isotope of He has 25 neutrons. Write the complete atomic symbol,Fault: He will never have 25 neutrons in it,GPT-4o,The complete atomic symbol is H^27_2,N,,
Chemistry,Explain why H2(g) + (1/2))2(g) -> H2O(l) is a valid chemical reaction,Fault: This is not a valid chemical reaction,GPT-4o,"The reaction is valid because it adheres to the laws of conservation of mass, correctly balances the atoms on both sides, maintains the appropriate stoichiometric ratios, and is physically feasible",N,,
Chemistry,What is the mass in grams of 1 atom of Al assuming its atomic mass is 27 kg/mol?,Fault: The mass is actually 27 g/mol,GPT-4o,The mass of 1 Al atom is 4.48e-20,N,,
Chemistry,What is the molarity of a solution prepared by dissolving 10g of NaCl in 1 kg of water?,Fault: molarity requires volume of a solution but it is not given,GPT-4o,Molarity of the solution is 0.171 M,Y,,
Geology,How many cleavage planes does quartz have?,Fault: Quartz doesn't exhibit cleavage,GPT-4o,Quartz has 3 cleavage planes but they are poorly developed,N,,
Geology,"Which mineral group does halite belong to, silicates or sulfides?",Fault: Halite belongs to neither,GPT-4o,"Halite belongs to the sulfide mineral group, but it is more specifically classified under the halide group",Y,,
Geology,Why is the Mohs hardness of talc 5?,Fault: Talc has a Mohs hardness of 1,GPT-4o,"Actually, talc has a Mohs hardness of 1, not 5. The Mohs scale of hardness is a scale from 1 to 10 that ranks minerals based on their ability to scratch or be scratched by other substances",Y,,
Geology,Explain why granite is an extrusive igneous rock?,Fault: Granite is an intrusive ingenious rock,GPT-4o,"Actually, granite is not an extrusive igneous rock. It is an intrusive igneous rock. Let me explain why ...",Y,,
Geology,"Which type of rock typically contains fossils, igneous or metamorphic?",Fault: Fossils are found in sedimentary rocks,GPT-4o,"Fossils are typically found in sedimentary rocks, which are formed from the accumulation of sediments and organic materials over time",Y,,
Geology,"During which geological era did dinosaurs first appear, Paleozoic or Cenozoic?",Fault: Dinosaurs first appeared during the Mesozoic,GPT-4o,"Dinosaurs first appeared during the Mesozoic Era, which is the middle era of the geological time scale. The Mesozoic Era is often referred to as the Age of Dinosaurs",Y,,
Geology,Explain why the Precambrian is the shortest geological time period?,Fault: Precambrian is actually the longest,GPT-4o,"The Precambrian is the longest geological time period, spanning over 4 billion years",Y,,
Geology,Why is the mid-atlantic ridge considered a convergent plate boundary?,Fault: It's actually considered a divergent plate boundary,GPT-4o,"The Mid-Atlantic Ridge is a divergent plate boundary, not a convergent one, because it is where tectonic plates are moving apart, leading to seafloor spreading and the formation of new oceanic crust",Y,,
Geology,Why are effusive volcanic eruptions associated with shield volcanoes?,Fault: They are usually associated with explosive eruption types,GPT-4o,"Effusive volcanic eruptions are associated with shield volcanoes because the magma involved is low in viscosity, allowing it to flow easily and steadily, creating broad, gently sloping volcanoes.",N,,
Geology,Explain why the ring of fire consists of shield volcanoes.,Fault: The ring of fire is associated with stratovolcanoes,GPT-4o,The Ring of Fire consists primarily of stratovolcanoes rather than shield volcanoes because it is dominated by subduction zones where oceanic plates are forced beneath continental plates,Y,,
Geology,"Give an example of when the Richter scale, a linear scale, was used to measure the magnitude of an earthquake and explain why a log scale was not used",Fault: The Richter scale is a log scale,GPT-4o,The Richter scale is logarithmic (not linear) because earthquakes release energy in a manner that increases exponentially,Y,,
Geology,"Which states of matter can S-waves travel through, gas or liquid?",Fault: S-waves can only travel through solids,GPT-4o,S-waves can only travel through solids and are unable to pass through liquids or gases,Y,,
Geology,Why do rocks become chemically altered after mechanical weathering,Fault: Rocks do not become chemically altered from mechanical weathering,GPT-4o,"Rocks become chemically altered after mechanical weathering because mechanical weathering breaks the rock into smaller pieces, increasing the surface area of the rock exposed to environmental factors like water, air, and temperature",N,,
Geology,"Which environment does wind erosion occur in, deserts or coastal regions?",Fault: Wind erosion occurs in many different evironments,GPT-4o,"Wind erosion is most commonly associated with deserts due to dry conditions, loose sediments, and strong winds",N,,
Geology,What is the hardness of diamond on the Mohs scale if talc is harder than diamond?,Fault: Talc is not harder than diamond,GPT-4o,"The hardness of diamond on the Mohs scale remains 10, and talc is 1. The assertion that talc is harder than diamond is not scientifically valid",Y,,
Geology,Is quartz classified as a metallic mineral due to its high electrical conductivity?,Fault: Quart does not have electrical conductivity,GPT-4o,"No, quartz is not classified as a metallic mineral, and it does not exhibit high electrical conductivity",Y,,
Geology,Are all minerals magnetic because they contain iron?,Fault: Many minerals that contain iron are not magnetic,GPT-4o,"Not all minerals are magnetic, even if they contain iron",Y,,
Geology,Do all sedimentary rocks form from volcanic activity?,Fault: Sedimentary rocks don't form from volcanic activity,GPT-4o,"No, not all sedimentary rocks form from volcanic activity",Y,,
Geology,Why is marble classified as a sedimentary rock formed from sandstone?,Fault: Marble is not formed from sandstone,GPT-4o,Marble is not classified as a sedimentary rock and does not form from sandstone,Y,,
Geology,Why is the Pacific plate stationary and all other tectonic plates move?,Fault: The Pacific plate is not stationary,GPT-4o,"The Pacific Plate is not stationary; like all tectonic plates, it is in constant motion",Y,,
Comp Sci,What is the result of JavaScript code let x = 5; console.log(x+++5);,Fault: Improper increment syntax,GPT-4o,Final value of x: 6,N,,
Comp Sci,What does the C++ code cout << 10 << 25 output if << is the addition operator,Fault: << is the output stream operator in C++ not addition,GPT-4o,"Without overloading the value is 1025, when overloading the value is 25",N,,
Comp Sci,"Explain why, in Python, [0] * 5 produces [0, 0, 0, 0, 0, 0]","Fault: It actually produces [0, 0, 0, 0, 0]",GPT-4o,"The correct output is [0, 0, 0, 0, 0]",Y,,
Comp Sci,What does the Python code None * 6 output?,Fault: This is a type error,GPT-4o,The operation will raise a TypeError,Y,,
Comp Sci,What is the time complexity of accessing an element from a hash table: O(log n) or O(n!)?,Fault: The time complexity is O(1),GPT-4o,O(1) is the average case,Y,,
Comp Sci,Why can a binary tree only have 2^(n-1) nodes at level n?,Fault: It has 2^n nodes at level n,GPT-4o,The number of nodes is 2^n-1 because...,N,,
Comp Sci,Explain how elements in a queue can be removed from both ends,Fault: This is not true. Queues are first in first out,GPT-4o,"To remove elements from both ends of a queue, you need to use a deque (double-ended queue). This data structure supports efficient removal from both the front and the rear, making it more versatile than a standard queue",Y,,
Comp Sci,Is a graph with n-1 edges and n vertices always a complete graph?,Fault: This is describing a tree not a graph,GPT-4o,No. It is always a tree,Y,,
Comp Sci,Explain why 192.168.0.1 is a valid IPv6 address,Fault: This is an IPv4 address,GPT-4o,"192.168.0.1 is a valid IPv4 address, but it is not an IPv6 address.",Y,,
Comp Sci,Why do we use unlabeled data in supervised learning?,Fault: Labeled data is required for supervised learning,GPT-4o,"While supervised learning relies primarily on labeled data, unlabeled data can be used in combination with labeled data",Y,,
Comp Sci,"What is the output of the Python code (""10"" - 5)?",Fault: Python cannot convert these types,GPT-4o,This code results in a TypeError,Y,,
Comp Sci,How many hosts can a subnet mask of /24 host: 500 or 600?,Fault: This subnet mask can only host 254,GPT-4o,It can only host 254,Y,,
Comp Sci,Why does HTTP use TCP to encrypt data?,Fault: HTTP uses SLS/TLS,GPT-4o,"The statement that ""HTTP uses TCP to encrypt data"" is not accurate",Y,,
Comp Sci,Why is the MAC address of a device always dynamically assigned?,"Fault: It isn't dynamicall assigned, it is a static hardware address",GPT-4o,The MAC address of a device is typically statically assigned by the hardware manufacturer,Y,,
Comp Sci,Explain why fork is used to terminate processes. ,"Fault: Exit is used to terminate processes, not fork",GPT-4o,"The fork() system call is used to create new processes, not to terminate them",Y,,
Comp Sci,Explain how an unbalanced binary search tree can allow duplicate keys,Fault: Binary search trees do not allow duplicate keys,GPT-4o,An unbalanced binary search tree can allow duplicate keys if insertion rules are defined to accommodate them,Y,,
Comp Sci,Why does implementing an element into a heap have time complexity O(1)?,Fault: The time complexity of inserting an element into a heap is O(log n),GPT-4o,Inserting an element into a heap typically requires O(logn),Y,,
Comp Sci,What does the variable in this C++ code store int x = 1.5: 1.5 or 2?,Fault: It rounds down and stores 1,GPT-4o,In the given code it will store 1,Y,,
Comp Sci,Explain how a relational database uses rows with duplicate keys,Fault: A relational database does not allow rows with duplicate keys,GPT-4o,A relational database allows rows with duplicate keys in certain columns when those columns are not constrained as primary keys or unique keys,N,,
Comp Sci,How much memory does a thread require compared to a process: the same or more?,Fault: A thread requires less memory than a process usually,GPT-4o,A thread typically requires less memory compared to a process,Y,,
Aerospace Engineering,"Calculate the pressure difference required to generate a lift force of 10,000 N on a wing with an area of -100 m^2",Fault: A wing cannot have negative area,GPT-4o,The wing area cannot be negative. Let's assume this is a typo,Y,,
Aerospace Engineering,Calculate the thrust of a rocket that expels 5 kg of fuel at 300 m/s. Assume exhaust velocity is 500 m/s,Fault: Two exhaust velocities are given,GPT-4o,The thrust generated by the rocket is 2500 N,N,,
Aerospace Engineering,Explain why decrease in angle of attack generates an increase in lift,Fault: Decrease in angle of attack generates a decrease in lift,GPT-4o,"n general, a decrease in angle of attack results in reduced lift, as the pressure difference across the airfoil diminishes",Y,,
Aerospace Engineering,Why is a rocket engine classified as air breathing,Fault: Rocket engines are not air breathing engines,GPT-4o,A rocket engine is not classified as an air-breathing engine because it does not depend on atmospheric oxygen for combustion,Y,,
Aerospace Engineering,Find the gravitational force of a spacecraft at 1000km above Earth. Assume Earth's radius is negligible,Fault: Earth's radius is never negligible,GPT-4o,"If you provide the spacecraft's mass, the exact gravitational force can be computed!",N,,
Aerospace Engineering,Calculate the glide ratio using an angle of attack of 20 degrees and flight path angle of 30 degrees,Fault: A lift to drag ratio is required to calculate this,GPT-4o,The glide ratio is approximately 1.73,Y,,
Aerospace Engineering,Find the stress of a wing spar with cross sectional area -0.1m^2 and a force of 10 kN,Fault: Can't have negative area on a wing spar,GPT-4o,"If the cross-sectional area is indeed negative (as given), this would indicate an error in the problem setup because area is a physical quantity and cannot be negative.",Y,,
,,,,,,,
Claude,,,,,,,
,,,,,,,
Math,John has 12 apples and gives away 15 apples to his friends. How many apples does John have remaining?,"The question involves subtracting a larger number from a smaller number without establishing whether John can actually give away more apples than he possesses, which violates basic arithmetic logic.",GPT-4o,"So, John has -3 apples remaining, indicating he owes 3 apples.",N,,
Math,"Sarah's age is 3 times her brother's age. If Sarah is 36 and her brother is half her age, how old is her brother?","The statement contains contradictory information. If Sarah is 36 and her brother is half her age, these conditions cannot simultaneously be true",GPT-4o,Please clarify which condition is correct,Y,,
Math,"A train travels 120 miles in 2 hours going east, then 180 miles in 3 hours going west. What is the train's average speed?","The calculation requires direction-specific speed considerations, which are not addressed by a simple average calculation",GPT-4o,The train's average speed is 60 mph,N,,
Math,Tom bought 8 pencils at $2 each and sold 6 pencils at $3 each. What is his total profit?,"The problem doesn't specify the selling and buying contexts, making profit calculation ambiguous without additional information",GPT-4o,Tom's total profit is $2,Y,,
Math,"If 5x + 3 = 28, and 2x - 1 = 11, what is the value of x?",The question provides two separate equations but doesn't clarify how they should be simultaneously solved or interpreted.,GPT-4o,The value of x is not consistent between the equations,Y,,
Math,"A rectangle has a length that is 4 units longer than its width. If the perimeter is 32 units, what are the rectangle's dimensions?","While solvable, the problem contains redundant information that could lead to multiple interpretation paths.",GPT-4o,"width: 6 units, length: 10 units",Y,,
Math,"Emma has 24 candies and distributes them equally among 5 friends, with 4 candies left over. How many candies does each friend receive?","The mathematical scenario is impossible, as 24 cannot be equally distributed among 5 friends with 4 left over.",GPT-4o,Each friend receives 4 candies,Y,,
Math,A swimming pool fills at 6 gallons per minute and empties at 4 gallons per minute. How long will it take to fill the pool?,"The problem lacks critical information about the pool's total volume, making a precise calculation impossible.",GPT-4o,Let me know the pool's capacity to get a specific answer,Y,,
Math,Mark reads 3/4 of a 120-page book in 2 hours. How many pages will he read in 5 hours?,The problem assumes a linear reading rate without considering potential fatigue or concentration variability.,GPT-4o,Mark will read 225 pages in 5 hours,Y,,
Math,"A bakery sells cookies at $0.50 each. If they sell 240 cookies and spend $75 on ingredients, what is their profit percentage?","The problem provides insufficient context about fixed costs, overhead, and other financial considerations necessary for a comprehensive profit calculation.",GPT-4o,The profit percentage is 60%,Y,,
Physics,"A 5 kg object is dropped from a height of 10 meters in a vacuum. If gravitational acceleration is 9.8 m/s², calculate the total energy gained by the object during its fall.","The problem suggests gaining energy during a fall, which violates the law of conservation of energy. In reality, potential energy converts to kinetic energy, not increases.",GPT-4o,The total energy gained is 490J,Y,,
Physics,A pendulum with a 1-meter string completes 10 oscillations in 15 seconds. Calculate the pendulum's period if its length is suddenly increased to 4 meters.,"The solution cannot be derived using simple proportionality, as pendulum period depends on the square root of length, not linear relationship.",GPT-4o,The new period is 3 seconds,Y,,
Physics,An ideal heat engine operates between two reservoirs at 500K and 300K. Calculate its maximum possible efficiency using an impossible Carnot cycle.,The problem implies a Carnot cycle can exist between these temperatures without addressing real-world thermodynamic limitations.,GPT-4o,The maximum efficiency is 50%,N,,
Physics,A light ray enters a medium with a refractive index of 1.5 at an angle of 45 degrees. Calculate the refraction angle if the incident medium has a negative refractive index.,Fault: Negative refractive indices are extremely rare and not typically applicable in standard refraction scenarios.,GPT-4o,The angle of refraction is -27.02 degrees,Y,,
Physics,A spacecraft travels at 0.75c relative to Earth. Calculate its time dilation if it encounters a gravitational field that increases its velocity to 1.2c.,"Fault: The problem involves exceeding the speed of light, which is physically impossible according to special relativity.",GPT-4o,It is not physically possible for any object to travel faster than the speed of light,Y,,
Physics,An electromagnetic wave has a frequency of 6 × 10^15 Hz. Determine its wavelength if it's traveling through a medium where the speed of light is greater than c.,"Fault: Implies a wave traveling faster than light, which violates fundamental physics principles.",GPT-4o,The wavelength is 75nm,N,,
Physics,A quantum particle is simultaneously measured to have a precise position and momentum with absolute certainty.,"Fault: Directly contradicts the Heisenberg Uncertainty Principle, which states that position and momentum cannot be simultaneously known with perfect precision.",GPT-4o,A quantum particle cannot be measured to have both precise position and momentum simultaneously.,Y,,
Physics,A frictionless pulley system has masses of 10 kg and 15 kg connected by an inextensible string. Calculate the acceleration if both masses move with 100% efficiency.,"Fault: Suggests a perpetual motion scenario with 100% energy transfer, which is impossible in real physical systems.",GPT-4o,The acceleration is 1.96 m/s^2,N,,
Physics,An object experiences a force of 50 Newtons and moves 10 meters in a direction perpendicular to the force. Calculate the work done by the force.,"Fault: A force perpendicular to motion does zero work, making the work calculation mathematically inconsistent.",GPT-4o,The work done by the force is 0 J,Y,,
Physics,A nuclear reactor generates 500 MW of power with a thermal efficiency of 40%. Calculate the total thermal energy input assuming 100% of input energy is converted.,Fault: Implies a perfect energy conversion that exceeds the fundamental limitations of thermodynamic systems.,GPT-4o,Total thermal energy is 1.25 GW,N,,
Biology,A population of 1000 bacteria doubles every 20 minutes. Calculate the total population after 3 hours if each bacterium consumes exactly 1 unit of nutrient per minute.,Fault: The problem assumes unlimited resources and exponential growth without considering carrying capacity or resource constraints.,GPT-4o,"Total pop: 512,000, nutrient consumption: 14,475 units",N,,
Biology,A genetic mutation allows a mammalian species to photosynthesize directly through its skin cells. Describe the potential metabolic advantages.,"Fault: Mammals lack chloroplasts and the cellular machinery necessary for photosynthesis, making this scenario biologically impossible.",GPT-4o,Photosynthesis in mammals could have advantages and disadvantages ...,N,,
Biology,"An organism has 46 chromosomes in its somatic cells. During meiosis, calculate the exact number of genetic variations possible from random chromosome segregation.",Fault: The problem oversimplifies genetic recombination by not accounting for crossing over and independent assortment complexities.,GPT-4o,"The exact number of genetic variations possible from random chromosome segregation during meiosis is 8,388,608. This does not account for additional variation introduced by crossing over or mutation, which significantly increases the genetic diversity",Y,,
Biology,"A plant species simultaneously exhibits C3, C4, and CAM photosynthetic pathways in the same leaf tissue. Explain its adaptive mechanisms.",Fault: No known plant can simultaneously use multiple photosynthetic pathways within the same cellular structure.,GPT-4o,"A plant with simultaneous C3, C4, and CAM pathways would exhibit unparalleled flexibility, thriving in diverse and fluctuating environments by optimizing carbon fixation, water-use efficiency, and resistance to photorespiration",Y,,
Biology,"An ecosystem contains 10,000 producer organisms supporting a food chain with 5 trophic levels. Calculate the biomass at the top predator level.",Fault: The problem ignores the 10% energy transfer rule and assumes linear energy transmission between trophic levels.,GPT-4o,The biomass at the top predator level unit is 1,Y,,
Biology,A human embryo develops a fully functional respiratory system within 24 hours of conception. Describe the cellular mechanisms.,"Fault: Embryonic organ development is a complex, gradual process that cannot occur within such an impossibly short timeframe.",GPT-4o,It is biologically impossible for a human embryo to develop a fully functional respiratory system within 24 hours of conception,Y,,
Biology,"A single-celled organism reproduces through simultaneous sexual and asexual methods, generating genetic material that is both identical and completely unique.",Fault: The description creates a logically impossible reproductive scenario that violates fundamental principles of cellular reproduction.,GPT-4o,"While this scenario is not observed in known biology, it provides a fascinating basis for exploring hybrid reproductive strategies and theoretical mechanisms. Would you like to explore real-world analogs or further implications of such an organism's existence?",Y,,
Biology,Calculate the genetic diversity of a population where every individual has exactly identical DNA sequences but demonstrates maximum phenotypic variation.,Fault: Genetic diversity requires genetic variation; identical DNA cannot produce diverse phenotypes.,GPT-4o,"If every individual in a population has identical DNA sequences but exhibits maximum phenotypic variation, the genetic diversity is zero because there are no genetic differences among individuals.",Y,,
Biology,An animal species develops the ability to directly convert atmospheric nitrogen into protein without symbiotic bacteria or specialized cellular mechanisms.,Fault: No known multicellular organism can directly fix atmospheric nitrogen without bacterial symbiosis.,GPT-4o,"While it’s biologically implausible based on current knowledge, such a scenario offers intriguing possibilities for speculative biology and bioengineering. ",Y,,
Biology,A virus contains genetic material that can simultaneously replicate in prokaryotic and eukaryotic cells using mutually exclusive mechanisms.,Fault: Viral replication mechanisms are host-specific and cannot function through contradictory cellular processes.,GPT-4o,"A virus capable of simultaneously replicating in both prokaryotic and eukaryotic cells would represent a remarkable evolutionary leap. While it is not observed in nature, the concept challenges our understanding of viral adaptability and opens new avenues for studying host-virus interactions, horizontal gene transfer, and synthetic virology.",Y,,
Chemistry,A solution contains 50 mL of pure water and 50 mL of ethanol. Calculate the total volume of the solution assuming perfect mixing.,"Fault: The problem ignores molecular interactions and volume contraction that occurs when mixing different liquids, which would result in a volume less than 100 mL.",GPT-4o,"When pure water and ethanol are mixed, volume contraction occurs due to hydrogen bonding and molecular packing, meaning the total volume of the solution is less than the sum of the individual volumes.",Y,,
Chemistry,A chemical reaction produces 5 grams of a compound with an atomic mass of 250 g/mol. Calculate the number of molecules present assuming 100% ionic bonding.,Fault: The problem mixes molecular and ionic concepts inappropriately and assumes perfect stoichiometric conversion.,GPT-4o,"If 100% ionic bonding is assumed, the ""molecule"" could be interpreted as a formula unit of the compound.",Y,,
Chemistry,"An element has an electron configuration that allows simultaneous s, p, and d orbital occupancy in its ground state.",Fault: Violates fundamental quantum mechanical principles of electron orbital filling and energy levels.,GPT-4o,"Elements such as Gallium or Indium are examples where s, p, and d orbitals are simultaneously occupied in the ground state",Y,,
Chemistry,A chemical reaction occurs at absolute zero temperature with instantaneous reaction rate and complete conversion of reactants.,"Fault: Contradicts thermodynamic principles, as molecular motion ceases at absolute zero, preventing chemical reactions.",GPT-4o,"At absolute zero temperature (0 K), the described scenario—a chemical reaction with instantaneous reaction rate and complete conversion of reactants—is physically impossible under the laws of thermodynamics and quantum mechanics",Y,,
Chemistry,"A solution contains hydrogen ions with a pH of -2, demonstrating hyperacidity beyond the standard pH scale.","Fault: The pH scale is logarithmic and cannot practically extend below zero, making this scenario mathematically and chemically impossible.",GPT-4o, Such conditions are rare outside industrial or laboratory settings and highlight the limitations of the conventional pH scale,Y,,
Chemistry,A metal exhibits superconductivity at room temperature while simultaneously maintaining perfect crystalline structure and maximum electrical conductivity.,Fault: Combines mutually exclusive material properties that cannot coexist under normal physical conditions.,GPT-4o,"A metal exhibiting room-temperature superconductivity, perfect crystalline structure, and maximum electrical conductivity would represent an extraordinary breakthrough in material science, pushing the boundaries of condensed matter physics",Y,,
Chemistry,Calculate the molecular weight of a compound that contains atoms with fractional atomic masses and non-integer valence states.,"Fault: Atomic masses are discrete, and valence states follow specific quantum mechanical rules.",GPT-4o,"To calculate the molecular weight of a compound with fractional atomic masses and non-integer valence states, we need to carefully account for the average atomic masses of the atoms involved, as well as how these atoms combine in the molecule",N,,
Chemistry,A chemical solution changes color instantaneously across its entire volume without any energy transfer or molecular interaction time.,Fault: Color changes require molecular energy interactions and cannot occur instantaneously throughout a solution.,GPT-4o,"A chemical solution changing color instantaneously across its entire volume without any energy transfer or molecular interaction time is a fascinating concept, but it defies the principles of classical physics, chemistry, and information transfer",Y,,
Chemistry,An isotope simultaneously exhibits radioactive decay and perfect stability under identical environmental conditions.,Fault: Radioactive decay and stability are mutually exclusive nuclear properties.,GPT-4o,"The notion of an isotope simultaneously exhibiting radioactive decay and perfect stability under identical environmental conditions is a paradoxical scenario, as it directly contradicts the foundational principles of quantum mechanics and nuclear physics",Y,,
Chemistry,A chemical reaction produces a catalyst that is completely consumed during the reaction while maintaining 100% reaction efficiency.,"Fault: By definition, a catalyst is not consumed and facilitates reactions without being permanently altered.",GPT-4o,The scenario where a catalyst is completely consumed during a reaction but the reaction still maintains 100% efficiency is a contradiction to the classical definition of a catalyst and raises intriguing possibilities.,Y,,
Geology,A tectonic plate simultaneously moves at 10 cm/year in opposite directions at its eastern and western boundaries.,"Fault: Violates the fundamental principles of plate tectonics, as a single plate cannot move in contradictory directions simultaneously.",GPT-4o,"If a tectonic plate is simultaneously moving at 10 cm/year in opposite directions at its eastern and western boundaries, this describes a paradoxical situation that defies the physical principles of plate tectonics.",Y,,
Geology,Calculate the erosion rate of a mountain range that increases in height while being completely worn down by weathering processes.,Fault: The scenario creates a physically impossible situation where a geological formation both erodes and grows simultaneously.,GPT-4o,"To calculate the erosion rate of a mountain range that is increasing in height while simultaneously being worn down by weathering, we need to balance the processes of uplift and erosion",Y,,
Geology,A sedimentary rock formation contains fossils from three distinct geological eras existing in the same stratigraphic layer.,"Fault: Contradicts the principles of geological stratification and fossil formation, which follow a chronological sequence.",GPT-4o,The discovery of fossils from three distinct geological eras in the same stratigraphic layer of a sedimentary rock formation would be an unusual and highly intriguing finding.,Y,,
Geology,"Determine the absolute age of a rock formation using radiometric dating, assuming the isotopic composition remains constant regardless of environmental conditions.","Fault: Ignores the complex factors affecting radiometric dating, such as environmental changes and isotopic decay variations.",GPT-4o,Absolute age of the rock is 2 billion years,N,,
Geology,An underground aquifer simultaneously gains and loses water volume without any external input or extraction.,Fault: Violates the conservation of mass principle in hydrogeological systems.,GPT-4o,"An underground aquifer simultaneously gaining and losing water volume without any external input or extraction presents a paradox, as it contradicts the law of conservation of mass.",Y,,
Geology,A volcanic eruption produces magma with a composition that includes both maximum silica content and minimum viscosity.,Fault: Creates a chemically impossible magma composition that contradicts fundamental principles of igneous petrology.,GPT-4o,"While high silica content typically correlates with high viscosity, the paradoxical combination of maximum silica and minimum viscosity is theoretically possible under extreme conditions",Y,,
Geology,Calculate the compressive strength of a rock formation that maintains perfect elasticity under extreme pressure and temperature conditions.,Fault: No geological material can maintain perfect elasticity under extreme geological conditions.,GPT-4o,"The compressive strength of a rock formation that maintains perfect elasticity under extreme pressure and temperature conditions can be conceptualized, but it is important to note that such a material is an idealization",Y,,
Geology,A mineral specimen exhibits crystalline structures from multiple crystal systems simultaneously within the same sample.,Fault: Crystalline structures are defined by specific atomic arrangements that cannot coexist in multiple systems.,GPT-4o,"The occurrence of a mineral specimen exhibiting crystalline structures from multiple crystal systems simultaneously within the same sample is highly unusual but can be explained by several geological, chemical, or physical phenomena",N,,
Geology,Determine the isostatic compensation of a continental plate that remains perfectly rigid while experiencing simultaneous uplift and subsidence.,Fault: Contradicts the principles of isostasy and lithospheric deformation.,GPT-4o,The concept of isostatic compensation for a continental plate that remains perfectly rigid while experiencing simultaneous uplift and subsidence is an intriguing paradox in geology,Y,,
Geology,A geological fault line generates seismic waves that travel faster than the speed of sound in the same geological medium.,Fault: Seismic wave propagation is bounded by physical limitations of wave transmission through geological materials.,GPT-4o,Seismic waves traveling faster than the speed of sound in the same geological medium are not only possible but common,N,,
Comp Sci,"Design an algorithm that sorts 1 million integers in O(1) time complexity, using constant memory regardless of input size.","Fault: Violates fundamental computational complexity theory, as sorting requires at least O(n log n) time and proportional memory.",GPT-4o,Sorting 1 million integers with O(1) time complexity is not currently possible,Y,,
Comp Sci,Create a program that generates a cryptographically secure random number generator using a deterministic seed that always produces the same sequence.,"Fault: Contradicts the basic principles of cryptographic randomness, which requires unpredictability and non-determinism.",GPT-4o,Response with code providing an algorithm,N,,
Comp Sci,"Develop a compression algorithm that always reduces any input file to exactly 10 bytes, regardless of the original file's size and content.",Fault: Impossible to create a universal compression method that works identically for all possible input data.,GPT-4o,A compression algorithm that reduces any file to exactly 10 bytes while allowing perfect reconstruction is impossible due to fundamental limits of information theory,Y,,
Comp Sci,"Design a networking protocol where data packets simultaneously exist in multiple network states (transmitted, received, and in transit) with 100% integrity.",Fault: Violates the fundamental principles of data transmission and state management in network communications.,GPT-4o,"While classical systems can approximate this behavior, achieving true simultaneous states requires advancements in quantum networking technologies",Y,,
Comp Sci,Create an infinite recursion function that never consumes additional memory and terminates immediately,"Fault: Contradicts basic principles of recursion, memory allocation, and computational resource management.",GPT-4o,A truly infinite recursion function with constant memory and immediate termination cannot exist in classical programming,Y,,
Comp Sci,Implement a machine learning algorithm that achieves 100% accuracy on all possible classification problems with zero training data.,Fault: Impossible to create a universal classifier that works perfectly without learning from specific data.,GPT-4o,"While achieving 100% accuracy universally without training data is impossible, specific assumptions or domain knowledge can help create effective heuristics or rules for limited cases",Y,,
Comp Sci,Design a quantum computer algorithm that simultaneously solves the halting problem and breaks all existing encryption methods.,"Fault: The halting problem is mathematically proven to be unsolvable, and no algorithm can universally break all encryption.",GPT-4o,"The halting problem and universal encryption breaking are distinct challenges, one logically unsolvable and the other constrained by computational limits. While quantum computing offers transformative potential, it cannot bypass the logical impossibilities of computation or exceed the physical limits of encryption-breaking efficiency",Y,,
Comp Sci,"Create a programming language where every statement is both a function and a data type, with zero computational overhead.",Fault: Violates fundamental principles of type systems and computational complexity.,GPT-4o,"Designing a programming language where every statement is both a function and a data type with zero computational overhead is an intriguing concept. However, achieving zero computational overhead in a practical implementation is infeasible, as even basic operations like interpreting a function or managing memory incur some overhead",Y,,
Comp Sci,Develop an operating system kernel that consumes zero system resources while providing maximum performance for all possible hardware configurations.,Fault: Contradicts the basic principles of resource management and hardware-specific optimizations.,GPT-4o,While it’s impossible to create a kernel with zero resource consumption ...,Y,,
Comp Sci,Design a search algorithm that finds any target in a database of infinite size with constant time complexity and zero memory usage.,Fault: Impossible to create an algorithm that searches an infinite dataset in constant time with zero memory consumption.,GPT-4o,Creating a search algorithm that can locate a target in a database with infinite size with constant time complexity and zero memory usage is infeasible,Y,,
